<application>
  <component name="BaseRefactoringSettings">
    <option name="SAFE_DELETE_WHEN_DELETE" value="false" />
  </component>
  <component name="RefactoringSettings">
    <option name="TYPE_COOK_COOK_OBJECTS" value="true" />
    <option name="INTRODUCE_FIELD_VISIBILITY" value="private" />
    <option name="INTRODUCE_CONSTANT_VISIBILITY" value="public" />
    <option name="INTRODUCE_CONSTANT_MOVE_TO_ANOTHER_CLASS" value="true" />
    <option name="INTRODUCE_LOCAL_CREATE_FINALS" value="false" />
    <option name="INTRODUCE_CONSTANT_REPLACE_ALL" value="true" />
  </component>
</application>