<application>
  <component name="ComposeFilesSynchronizedWithServiceView">
    <option value="file://D:/WorkRecord/yyzc/lcdp/lcdp-install/install-for-swarm-in-tencent-cloud/tmp/swarm-deploy.yml" />
    <option value="file://D:/WorkRecord/yyzc/lcdp/lcdp-install/install-for-swarm-in-tencent-cloud/lcdp/lcdp-pdp.yml" />
  </component>
  <component name="DockerSettings">
    <option name="dockerComposePath" value="C:\Program Files\Docker\Docker\resources\bin\docker-compose.exe" />
    <option name="dockerPath" value="C:\Program Files\Docker\Docker\resources\bin\docker.exe" />
  </component>
</application>