<application>
  <component name="FileTypeManager" version="18">
    <extensionMap>
      <mapping pattern="messages" type="AUTO_DETECTED" />
      <mapping pattern="lcdp-install-swarm-part1.sh" type="AUTO_DETECTED" />
      <mapping pattern="config" type="AUTO_DETECTED" />
      <mapping pattern="install-config" type="BashPro Shell Script" />
      <mapping ext="space.kts" type="Kotlin" />
      <mapping ext="gradle.kts" type="Kotlin" />
      <mapping ext="main.kts" type="Kotlin" />
      <mapping ext="bak" type="PLAIN_TEXT" />
      <mapping ext="certs" type="PLAIN_TEXT" />
      <mapping ext="jdl" type="PLAIN_TEXT" />
      <mapping ext="security" type="PLAIN_TEXT" />
      <mapping ext="access" type="PLAIN_TEXT" />
      <mapping ext="jh" type="PLAIN_TEXT" />
      <mapping ext="service" type="PLAIN_TEXT" />
      <mapping ext="ja" type="PLAIN_TEXT" />
      <mapping ext="jfc" type="PLAIN_TEXT" />
      <mapping ext="setting" type="PLAIN_TEXT" />
      <mapping ext="policy" type="PLAIN_TEXT" />
      <mapping ext="cnf" type="PLAIN_TEXT" />
      <removed_mapping ext="apk" approved="true" type="ARCHIVE" />
      <removed_mapping ext="bash" approved="true" type="Shell Script" />
      <removed_mapping ext="psd" approved="true" type="Image" />
      <removed_mapping ext="sh" approved="true" type="Shell Script" />
      <removed_mapping ext="vue" approved="true" type="PLAIN_TEXT" />
      <removed_mapping ext="zsh" approved="true" type="Shell Script" />
      <removed_mapping pattern="ADDITIONAL_LICENSE_INFO" approved="true" type="AUTO_DETECTED" />
      <removed_mapping pattern="ASSEMBLY_EXCEPTION" approved="true" type="AUTO_DETECTED" />
      <removed_mapping pattern="LICENSE" approved="true" type="AUTO_DETECTED" />
      <removed_mapping pattern="classlist" approved="true" type="AUTO_DETECTED" />
      <removed_mapping pattern="config-15015" approved="true" type="AUTO_DETECTED" />
      <removed_mapping pattern="config-15016" approved="true" type="AUTO_DETECTED" />
      <removed_mapping pattern="config-15017" approved="true" type="AUTO_DETECTED" />
      <removed_mapping pattern="config-东莞" approved="true" type="AUTO_DETECTED" />
      <removed_mapping pattern="config-中山" approved="true" type="AUTO_DETECTED" />
      <removed_mapping pattern="config-云浮" approved="true" type="AUTO_DETECTED" />
      <removed_mapping pattern="config-佛山" approved="true" type="AUTO_DETECTED" />
      <removed_mapping pattern="config-广州" approved="true" type="AUTO_DETECTED" />
      <removed_mapping pattern="config-惠州" approved="true" type="AUTO_DETECTED" />
      <removed_mapping pattern="config-揭阳" approved="true" type="AUTO_DETECTED" />
      <removed_mapping pattern="config-梅州" approved="true" type="AUTO_DETECTED" />
      <removed_mapping pattern="config-汕尾" approved="true" type="AUTO_DETECTED" />
      <removed_mapping pattern="config-江门" approved="true" type="AUTO_DETECTED" />
      <removed_mapping pattern="config-河源" approved="true" type="AUTO_DETECTED" />
      <removed_mapping pattern="config-清远" approved="true" type="AUTO_DETECTED" />
      <removed_mapping pattern="config-湛江-肇庆" approved="true" type="AUTO_DETECTED" />
      <removed_mapping pattern="config-潮州" approved="true" type="AUTO_DETECTED" />
      <removed_mapping pattern="config-珠海" approved="true" type="AUTO_DETECTED" />
      <removed_mapping pattern="config-茂名" approved="true" type="AUTO_DETECTED" />
      <removed_mapping pattern="config-韶关" approved="true" type="AUTO_DETECTED" />
      <removed_mapping pattern="id_rsa" approved="true" type="AUTO_DETECTED" />
      <removed_mapping pattern="release" approved="true" type="AUTO_DETECTED" />
      <removed_mapping pattern="sonar-scanner" approved="true" type="AUTO_DETECTED" />
      <removed_mapping pattern="sonar-scanner-debug" approved="true" type="AUTO_DETECTED" />
      <removed_mapping pattern="t_db_repo.sql" approved="true" type="AUTO_DETECTED" />
      <removed_mapping pattern="test" approved="true" type="AUTO_DETECTED" />
    </extensionMap>
  </component>
</application>