<application>
  <component name="GetterTemplates" defaultTemplateName="IntelliJ Default">
    <option name="templates">
      <list>
        <TemplateResource>
          <option name="fileName" value="one line" />
          <option name="template" value="public ##&#10;#if($field.modifierStatic)&#10;static ##&#10;#end&#10;$field.type ##&#10;#set($name = $StringUtil.capitalizeWithJavaBeanConvention($StringUtil.sanitizeJavaIdentifier($helper.getPropertyName($field, $project))))&#10;#if ($field.boolean)&#10;    #if ($StringUtil.startsWithIgnoreCase($name, 'is'))&#10;        #set($name = $StringUtil.decapitalize($name))&#10;    #else&#10;    is##&#10;    #end&#10;#else&#10;get##&#10;#end&#10;${name}() { return $field.name; }" />
        </TemplateResource>
      </list>
    </option>
  </component>
</application>