<application>
  <component name="LanguageInjectionConfiguration">
    <injection language="JSON" injector-id="java">
      <display-name>JSONArray.add (com.alibaba.fastjson)</display-name>
      <place><![CDATA[psiParameter().ofMethod(0, psiMethod().withName("add").withParameters("java.lang.Object").definedInClass("com.alibaba.fastjson.JSONArray"))]]></place>
    </injection>
    <injection language="RegExp" injector-id="java">
      <display-name>Pattern (java.util.regex)</display-name>
      <place><![CDATA[psiParameter().ofMethod(0, psiMethod().withName("compile").withParameters("java.lang.String").definedInClass("java.util.regex.Pattern"))]]></place>
      <place><![CDATA[psiParameter().ofMethod(0, psiMethod().withName("compile").withParameters("java.lang.String", "int").definedInClass("java.util.regex.Pattern"))]]></place>
      <place><![CDATA[psiParameter().ofMethod(0, psiMethod().withName("matches").withParameters("java.lang.String", "java.lang.CharSequence").definedInClass("java.util.regex.Pattern"))]]></place>
    </injection>
  </component>
</application>