<application>
  <component name="SshConfigs">
    <configs>
      <sshConfig host="10.100.3.201" id="eed4423d-e1ba-4161-aadf-e7adb605e493" keyPath="C:\Users\Digital\.ssh\id_rsa-digitalgd" port="22" customName="Macmini" nameFormat="CUSTOM" username="zengchunmiao">
        <option name="customName" value="Macmini" />
      </sshConfig>
      <sshConfig host="10.100.3.200" id="9b54e9f4-c4c4-4948-a3a6-3574730b20e7" keyPath="C:\Users\Digital\.ssh\id_rsa-digitalgd" port="22" customName="Centos1" nameFormat="CUSTOM" username="root">
        <option name="customName" value="Centos1" />
      </sshConfig>
    </configs>
  </component>
</application>