<application>
  <component name="AppStorage">
    <option name="newTranslationDialogWidth" value="582" />
    <option name="newTranslationDialogX" value="623" />
    <option name="newTranslationDialogY" value="347" />
    <histories>
      <item value="motto" />
      <item value="september" />
      <item value="septem" />
      <item value="Packfile is truncated." />
      <item value="堡垒" />
      <item value="仓库" />
      <item value="标准" />
      <item value="bi'a" />
      <item value="策略" />
      <item value="ce'l" />
      <item value="异步" />
      <item value="yi'bu" />
      <item value="比较" />
      <item value=" ids for this class must be manually assigned before calling save(): com.example.demo001.domain.Gbk2Utf8; nested exception is org.hibernate.id.IdentifierGenerationException: ids for this class must be manually assigned before calling save(): com.example.demo001.domain.Gbk2Utf8" />
      <item value="Indicates that subprocess output will be discarded. A typical implementation discards the output by writing to an operating system specific &quot;null file&quot;." />
      <item value="properties" />
      <item value="属性" />
      <item value="SEMAPHORE" />
      <item value="registry-fetch-interval-seconds" />
      <item value="instance-info-replication-interval-seconds" />
      <item value="duration" />
      <item value="A toml table/json object of key=value:effect. Value and effect are expected to be strings. When set, pods will tolerate the given taints. Only one toleration is supported through environment variable configuration." />
      <item value="  --kubernetes-host value                                                     Optional Kubernetes master host URL (auto-discovery attempted if not specified) [$KUBERNETES_HOST]&#10;   --kubernetes-cert-file value                                                Optional Kubernetes master auth certificate [$KUBERNETES_CERT_FILE]&#10;   --kubernetes-key-file value                                                 Optional Kubernetes master auth private key [$KUBERNETES_KEY_FILE]&#10;   --kubernetes-ca-file value                                                  Optional Kubernetes master auth ca certificate [$KUBERNETES_CA_FILE]&#10;   --kubernetes-bearer_token_overwrite_allowed                                 Bool to authorize builds to specify their own bearer token for creation. [$KUBERNETES_BEARER_TOKEN_OVERWRITE_ALLOWED]&#10;   --kubernetes-bearer_token value                                             Optional Kubernetes service account token used to start build pods. [$KUBERNETES_BEARER_TOKEN]&#10;   --kubernetes-image value                                                    Default docker image to use for builds when none is specified [$KUBERNETES_IMAGE]&#10;   --kubernetes-namespace value                                                Namespace to run Kubernetes jobs in [$KUBERNETES_NAMESPACE]&#10;   --kubernetes-namespace_overwrite_allowed value                              Regex to validate 'KUBERNETES_NAMESPACE_OVERWRITE' value [$KUBERNETES_NAMESPACE_OVERWRITE_ALLOWED]&#10;   --kubernetes-privileged                                                     Run all containers with the privileged flag enabled [$KUBERNETES_PRIVILEGED]&#10;   --kubernetes-cpu-limit value                                                The CPU allocation given to build containers [$KUBERNETES_CPU_LIMIT]&#10;   --kubernetes-cpu-limit-overwrite-max-allowed value                          If set, the max amount the cpu limit can be set to. Used with the KUBERNETES_CPU_LIMIT variable in the build. [$KUBERNETES_CPU_LIMIT_OVERWRITE_MAX_ALLOWED]&#10;   --kubernetes-cpu-request value                                              The CPU allocation requested for build containers [$KUBERNETES_CPU_REQUEST]   --kubernetes-cpu-request-overwrite-max-allowed value                        If set, the max amount the cpu request can be set to. Used with the KUBERNETES_CPU_REQUEST variable in the build. [$KUBERNETES_CPU_REQUEST_OVERWRITE_MAX_ALLOWED]&#10;   --kubernetes-memory-limit value                                             The amount of memory allocated to build containers [$KUBERNETES_MEMORY_LIMIT]&#10;   --kubernetes-memory-limit-overwrite-max-allowed value                       If set, the max amount the memory limit can be set to. Used with the KUBERNETES_MEMORY_LIMIT variable in the build. [$KUBERNETES_MEMORY_LIMIT_OVERWRITE_MAX_ALLOWED]&#10;   --kubernetes-memory-request value                                           The amount of memory requested from build containers [$KUBERNETES_MEMORY_REQUEST]&#10;   --kubernetes-memory-request-overwrite-max-allowed value                     If set, the max amount the memory request can be set to. Used with the KUBERNETES_MEMORY_REQUEST variable in the build. [$KUBERNETES_MEMORY_REQUEST_OVERWRITE_MAX_ALLOWED]&#10;   --kubernetes-ephemeral-storage-limit value                                  The amount of ephemeral storage allocated to build containers [$KUBERNETES_EPHEMERAL_STORAGE_LIMIT]&#10;   --kubernetes-ephemeral-storage-limit-overwrite-max-allowed value            If set, the max amount the ephemeral limit can be set to. Used with the KUBERNETES_EPHEMERAL_STORAGE_LIMIT variable in the build. [$KUBERNETES_EPHEMERAL_STORAGE_LIMIT_OVERWRITE_MAX_ALLOWED]&#10;   --kubernetes-ephemeral-storage-request value                                The amount of ephemeral storage requested from build containers [$KUBERNETES_EPHEMERAL_STORAGE_REQUEST]&#10;   --kubernetes-ephemeral-storage-request-overwrite-max-allowed value          If set, the max amount the ephemeral storage request can be set to. Used with the KUBERNETES_EPHEMERAL_STORAGE_REQUEST variable in the build. [$KUBERNETES_EPHEMERAL_STORAGE_REQUEST_OVERWRITE_MAX_ALLOWED]&#10;   --kubernetes-service-cpu-limit value                                        The CPU allocation given to build service containers [$KUBERNETES_SERVICE_CPU_LIMIT]&#10;   --kubernetes-service-cpu-limit-overwrite-max-allowed value                  If set, the max amount the service cpu limit can be set to. Used with the KUBERNETES_SERVICE_CPU_LIMIT variable in the build. [$KUBERNETES_SERVICE_CPU_LIMIT_OVERWRITE_MAX_ALLOWED]&#10;   --kubernetes-service-cpu-request value                                      The CPU allocation requested for build service containers [$KUBERNETES_SERVICE_CPU_REQUEST]&#10;   --kubernetes-service-cpu-request-overwrite-max-allowed value                If set, the max amount the service cpu request can be set to. Used with the KUBERNETES_SERVICE_CPU_REQUEST variable in the build. [$KUBERNETES_SERVICE_CPU_REQUEST_OVERWRITE_MAX_ALLOWED]&#10;   --kubernetes-service-memory-limit value                                     The amount of memory allocated to build service containers [$KUBERNETES_SERVICE_MEMORY_LIMIT]&#10;   --kubernetes-service-memory-limit-overwrite-max-allowed value               If set, the max amount the service memory limit can be set to. Used with the KUBERNETES_SERVICE_MEMORY_LIMIT variable in the build. [$KUBERNETES_SERVICE_MEMORY_LIMIT_OVERWRITE_MAX_ALLOWED]&#10;   --kubernetes-service-memory-request value                                   The amount of memory requested for build service containers [$KUBERNETES_SERVICE_MEMORY_REQUEST]&#10;   --kubernetes-service-memory-request-overwrite-max-allowed value             If set, the max amount the service memory request can be set to. Used with&#10;the KUBERNETES_SERVICE_MEMORY_REQUEST variable in the build. [$KUBERNETES_SERVICE_MEMORY_REQUEST_OVERWRITE_MAX_ALLOWED]&#10;   --kubernetes-service-ephemeral_storage-limit value                          The amount of ephemeral storage allocated to build service containers [$KUBERNETES_SERVICE_EPHEMERAL_STORAGE_LIMIT]&#10;   --kubernetes-service-ephemeral_storage-limit-overwrite-max-allowed value    If set, the max amount the service ephemeral storage limit can be set to. Used with the KUBERNETES_SERVICE_EPHEMERAL_STORAGE_LIMIT variable in the build. [$KUBERNETES_SERVICE_EPHEMERAL_STORAGE_LIMIT_OVERWRITE_MAX_ALLOWED]&#10;   --kubernetes-service-ephemeral_storage-request value                        The amount of ephemeral storage requested for build service containers [$KUBERNETES_SERVICE_EPHEMERAL_STORAGE_REQUEST]&#10;   --kubernetes-service-ephemeral_storage-request-overwrite-max-allowed value  If set, the max amount the service ephemeral storage request can be set to. Used with the KUBERNETES_SERVICE_EPHEMERAL_STORAGE_REQUEST variable in the build. [$KUBERNETES_SERVICE_EPHEMERAL_STORAGE_REQUEST_OVERWRITE_MAX_ALLOWED]&#10;   --kubernetes-helper-cpu-limit value                                         The CPU allocation given to build helper containers [$KUBERNETES_HELPER_CPU_LIMIT]&#10;   --kubernetes-helper-cpu-limit-overwrite-max-allowed value                   If set, the max amount the helper cpu limit can be set to. Used with the KUBERNETES_HELPER_CPU_LIMIT variable in the build. [$KUBERNETES_HELPER_CPU_LIMIT_OVERWRITE_MAX_ALLOWED]&#10;   --kubernetes-helper-cpu-request value                                       The CPU allocation requested for build helper containers [$KUBERNETES_HELPER_CPU_REQUEST]&#10;   --kubernetes-helper-cpu-request-overwrite-max-allowed value                 If set, the max amount the helper cpu request can be set to. Used with the&#10;KUBERNETES_HELPER_CPU_REQUEST variable in the build. [$KUBERNETES_HELPER_CPU_REQUEST_OVERWRITE_MAX_ALLOWED]&#10;   --kubernetes-helper-memory-limit value                                      The amount of memory allocated to build helper containers [$KUBERNETES_HELPER_MEMORY_LIMIT]&#10;   --kubernetes-helper-memory-limit-overwrite-max-allowed value                If set, the max amount the helper memory limit can be set to. Used with the KUBERNETES_HELPER_MEMORY_LIMIT variable in the build. [$KUBERNETES_HELPER_MEMORY_LIMIT_OVERWRITE_MAX_ALLOWED]&#10;   --kubernetes-helper-memory-request value                                    The amount of memory requested for build helper containers [$KUBERNETES_HELPER_MEMORY_REQUEST]&#10;   --kubernetes-helper-memory-request-overwrite-max-allowed value              If set, the max amount the helper memory request can be set to. Used with the KUBERNETES_HELPER_MEMORY_REQUEST variable in the build. [$KUBERNETES_HELPER_MEMORY_REQUEST_OVERWRITE_MAX_ALLOWED]&#10;   --kubernetes-helper-ephemeral_storage-limit value                           The amount of ephemeral storage allocated to build helper containers [$KUBERNETES_HELPER_EPHEMERAL_STORAGE_LIMIT]&#10;   --kubernetes-helper-ephemeral_storage-limit-overwrite-max-allowed value     If set, the max amount the helper ephemeral storage limit can be set to. Used with the KUBERNETES_HELPER_EPHEMERAL_STORAGE_LIMIT variable in the build. [$KUBERNETES_HELPER_EPHEMERAL_STORAGE_LIMIT_OVERWRITE_MAX_ALLOWED]&#10;   --kubernetes-helper-ephemeral_storage-request value                         The amount of ephemeral storage requested for build helper containers [$KUBERNETES_HELPER_EPHEMERAL_STORAGE_REQUEST]&#10;   --kubernetes-helper-ephemeral_storage-request-overwrite-max-allowed value   If set, the max amount the helper ephemeral storage request can be set to.&#10;Used with the KUBERNETES_HELPER_EPHEMERAL_STORAGE_REQUEST variable in the build. [$KUBERNETES_HELPER_EPHEMERAL_STORAGE_REQUEST_OVERWRITE_MAX_ALLOWED]&#10;   --kubernetes-pull-policy value                                              Policy for if/when to pull a container image (never, if-not-present, always). The cluster default will be used if not set [$KUBERNETES_PULL_POLICY]&#10;   --kubernetes-node-selector value                                            A toml table/json object of key=value. Value is expected to be a string. When set this will create pods on k8s nodes that match all the key=value pairs. (default: &quot;{}&quot;) [$KUBERNETES_NODE_SELECTOR]&#10;   --kubernetes-node-tolerations value                                         A toml table/json object of key=value:effect. Value and effect are expected to be strings. When set, pods will tolerate the given taints. Only one toleration is supported through environment variable configuration. (default: &quot;{}&quot;) [$KUBERNETES_NODE_TOLERATIONS]&#10;   --kubernetes-image-pull-secrets value                                       A list of image pull secrets that are used for pulling docker image [$KUBERNETES_IMAGE_PULL_SECRETS]&#10;" />
      <item value="METRICS_SERVER" />
      <item value="Lock Runner for current project" />
      <item value="REGISTER_NON_INTERACTIVE&#10;&#10;&#10;" />
      <item value="REGISTER_NON_INTERACTIVE" />
      <item value="单位核算" />
      <item value="grant" />
      <item value="allowPublicKeyRetrieval" />
      <item value="java: Couldn't retrieve @Mapper annotation" />
      <item value="so supplemental metadata must be fetched from the registry." />
      <item value="bionic" />
      <item value="bionic:" />
      <item value="11-jdk-hotspot-bionic:" />
      <item value="手动" />
      <item value="不自动" />
      <item value="不自动给" />
    </histories>
    <option name="languageScores">
      <map>
        <entry key="CHINESE" value="108" />
        <entry key="ENGLISH" value="87" />
      </map>
    </option>
  </component>
  <component name="Cache">
    <option name="lastTrimTime" value="1642387641080" />
  </component>
</application>