<application>
  <component name="MavenWrapperMapping">
    <option name="mapping">
      <map>
        <entry key="https://repo.maven.apache.org/maven2/org/apache/maven/apache-maven/3.6.3/apache-maven-3.6.3-bin.zip" value="C:\Users\Digital\.m2\wrapper\dists\apache-maven-3.6.3-bin\1iopthnavndlasol9gbrbg6bf2\apache-maven-3.6.3" />
        <entry key="https://repo.maven.apache.org/maven2/org/apache/maven/apache-maven/3.8.1/apache-maven-3.8.1-bin.zip" value="C:\Users\Digital\.m2\wrapper\dists\apache-maven-3.8.1-bin\2l5mhf2pq2clrde7f7qp1rdt5m\apache-maven-3.8.1" />
        <entry key="https://repo.maven.apache.org/maven2/org/apache/maven/apache-maven/3.8.3/apache-maven-3.8.3-bin.zip" value="C:\Users\Digital\.m2\wrapper\dists\apache-maven-3.8.3-bin\5a6n1u8or3307vo2u2jgmkhm0t\apache-maven-3.8.3" />
      </map>
    </option>
  </component>
</application>